date,累计净值
2010-11-24,1.0
2010-11-26,1.0
2010-12-03,1.001
2010-12-10,1.002
2010-12-17,1.004
2010-12-24,0.997
2010-12-31,0.994
2011-01-07,0.999
2011-01-10,0.997
2011-01-11,0.997
2011-01-12,1.0
2011-01-13,1.001
2011-01-14,0.998
2011-01-17,0.991
2011-01-18,0.989
2011-01-19,0.99
2011-01-20,0.983
2011-01-21,0.985
2011-01-24,0.984
2011-01-25,0.985
2011-01-26,0.989
2011-01-27,0.989
2011-01-28,0.989
2011-01-31,0.99
2011-02-01,0.991
2011-02-09,0.986
2011-02-10,0.987
2011-02-11,0.987
2011-02-14,0.997
2011-02-15,0.995
2011-02-16,0.994
2011-02-17,0.993
2011-02-18,0.989
2011-02-21,0.991
2011-02-22,0.984
2011-02-23,0.986
2011-02-24,0.985
2011-02-25,0.984
2011-02-28,0.986
2011-03-01,0.988
2011-03-02,0.987
2011-03-03,0.991
2011-03-04,0.996
2011-03-07,1.005
2011-03-08,1.003
2011-03-09,1.005
2011-03-10,0.998
2011-03-11,0.994
2011-03-14,0.993
2011-03-15,0.987
2011-03-16,0.991
2011-03-17,0.988
2011-03-18,0.992
2011-03-21,0.991
2011-03-22,0.993
2011-03-23,0.997
2011-03-24,0.996
2011-03-25,1.003
2011-03-28,1.004
2011-03-29,1.004
2011-03-30,1.003
2011-03-31,0.999
2011-04-01,1.005
2011-04-06,1.011
2011-04-07,1.012
2011-04-08,1.013
2011-04-11,1.015
2011-04-12,1.018
2011-04-13,1.026
2011-04-14,1.029
2011-04-15,1.032
2011-04-18,1.036
2011-04-19,1.024
2011-04-20,1.023
2011-04-21,1.026
2011-04-22,1.024
2011-04-25,1.016
2011-04-26,1.018
2011-04-27,1.018
2011-04-28,1.02
2011-04-29,1.024
2011-05-03,1.027
2011-05-04,1.021
2011-05-05,1.021
2011-05-06,1.02
2011-05-09,1.022
2011-05-10,1.023
2011-05-11,1.023
2011-05-12,1.02
2011-05-13,1.021
2011-05-16,1.018
2011-05-17,1.016
2011-05-18,1.02
2011-05-19,1.017
2011-05-20,1.018
2011-05-23,1.007
2011-05-24,1.006
2011-05-25,1.001
2011-05-26,1.0
2011-05-27,1.0
2011-05-30,1.0
2011-05-31,1.003
2011-06-01,1.006
2011-06-02,0.998
2011-06-03,1.0
2011-06-07,1.0
2011-06-08,0.998
2011-06-09,0.99
2011-06-10,0.992
2011-06-13,0.99
2011-06-14,0.993
2011-06-15,0.988
2011-06-16,0.981
2011-06-17,0.98
2011-06-20,0.976
2011-06-21,0.98
2011-06-22,0.981
2011-06-23,0.985
2011-06-24,0.994
2011-06-27,0.993
2011-06-28,0.991
2011-06-29,0.985
2011-06-30,0.991
2011-07-01,0.99
2011-07-04,0.997
2011-07-05,0.998
2011-07-06,0.996
2011-07-07,0.994
2011-07-08,0.992
2011-07-11,0.991
2011-07-12,0.987
2011-07-13,0.988
2011-07-14,0.989
2011-07-15,0.989
2011-07-18,0.985
2011-07-19,0.979
2011-07-20,0.974
2011-07-21,0.967
2011-07-22,0.97
2011-07-25,0.959
2011-07-26,0.958
2011-07-27,0.958
2011-07-28,0.951
2011-07-29,0.952
2011-08-01,0.95
2011-08-02,0.945
2011-08-03,0.942
2011-08-04,0.946
2011-08-05,0.94
2011-08-08,0.933
2011-08-09,0.935
2011-08-10,0.936
2011-08-11,0.948
2011-08-12,0.949
2011-08-15,0.956
2011-08-16,0.954
2011-08-17,0.952
2011-08-18,0.945
2011-08-19,0.937
2011-08-22,0.935
2011-08-23,0.939
2011-08-24,0.936
2011-08-25,0.946
2011-08-26,0.944
2011-08-29,0.921
2011-08-30,0.912
2011-08-31,0.912
2011-09-01,0.91
2011-09-02,0.895
2011-09-05,0.88
2011-09-06,0.877
2011-09-07,0.891
2011-09-08,0.89
2011-09-09,0.891
2011-09-13,0.888
2011-09-14,0.889
2011-09-15,0.889
2011-09-16,0.889
2011-09-19,0.885
2011-09-20,0.885
2011-09-21,0.891
2011-09-22,0.879
2011-09-23,0.868
2011-09-26,0.852
2011-09-27,0.857
2011-09-28,0.856
2011-09-29,0.845
2011-09-30,0.853
2011-10-10,0.852
2011-10-11,0.852
2011-10-12,0.869
2011-10-13,0.881
2011-10-14,0.882
2011-10-17,0.89
2011-10-18,0.881
2011-10-19,0.881
2011-10-20,0.873
2011-10-21,0.881
2011-10-24,0.892
2011-10-25,0.898
2011-10-26,0.906
2011-10-27,0.9
2011-10-28,0.908
2011-10-31,0.914
2011-11-01,0.921
2011-11-02,0.93
2011-11-03,0.932
2011-11-04,0.932
2011-11-07,0.93
2011-11-08,0.928
2011-11-09,0.933
2011-11-10,0.924
2011-11-11,0.918
2011-11-14,0.926
2011-11-15,0.925
2011-11-16,0.911
2011-11-17,0.905
2011-11-18,0.898
2011-11-21,0.9
2011-11-22,0.901
2011-11-23,0.9
2011-11-24,0.899
2011-11-25,0.899
2011-11-28,0.899
2011-11-29,0.902
2011-11-30,0.888
2011-12-01,0.898
2011-12-02,0.893
2011-12-05,0.889
2011-12-06,0.887
2011-12-07,0.89
2011-12-08,0.889
2011-12-09,0.887
2011-12-12,0.886
2011-12-13,0.882
2011-12-14,0.88
2011-12-15,0.879
2011-12-16,0.887
2011-12-19,0.886
2011-12-20,0.89
2011-12-21,0.884
2011-12-22,0.884
2011-12-23,0.885
2011-12-26,0.881
2011-12-27,0.881
2011-12-28,0.881
2011-12-29,0.886
2011-12-30,0.892
2011-12-31,0.892
2012-01-04,0.893
2012-01-05,0.896
2012-01-06,0.9
2012-01-09,0.91
2012-01-10,0.921
2012-01-11,0.912
2012-01-12,0.913
2012-01-13,0.906
2012-01-16,0.902
2012-01-17,0.913
2012-01-18,0.907
2012-01-19,0.917
2012-01-20,0.923
2012-01-30,0.914
2012-01-31,0.915
2012-02-01,0.913
2012-02-02,0.92
2012-02-03,0.922
2012-02-06,0.92
2012-02-07,0.91
2012-02-08,0.919
2012-02-09,0.917
2012-02-10,0.916
2012-02-13,0.911
2012-02-14,0.91
2012-02-15,0.914
2012-02-16,0.914
2012-02-17,0.913
2012-02-20,0.915
2012-02-21,0.916
2012-02-22,0.916
2012-02-23,0.916
2012-02-24,0.916
2012-02-27,0.916
2012-02-28,0.918
2012-02-29,0.914
2012-03-01,0.914
2012-03-02,0.92
2012-03-05,0.914
2012-03-06,0.911
2012-03-07,0.91
2012-03-08,0.912
2012-03-09,0.915
2012-03-12,0.913
2012-03-13,0.916
2012-03-14,0.907
2012-03-15,0.905
2012-03-16,0.91
2012-03-19,0.908
2012-03-20,0.906
2012-03-21,0.905
2012-03-22,0.906
2012-03-23,0.905
2012-03-26,0.904
2012-03-27,0.904
2012-03-28,0.897
2012-03-29,0.894
2012-03-30,0.898
2012-03-31,0.898
2012-04-05,0.898
2012-04-06,0.899
2012-04-09,0.899
2012-04-10,0.9
2012-04-11,0.903
2012-04-12,0.911
2012-04-13,0.915
2012-04-16,0.914
2012-04-17,0.909
2012-04-18,0.916
2012-04-19,0.917
2012-04-20,0.921
2012-04-23,0.919
2012-04-24,0.919
2012-04-25,0.92
2012-04-26,0.92
2012-04-27,0.922
2012-05-02,0.928
2012-05-03,0.927
2012-05-04,0.929
2012-05-07,0.927
2012-05-08,0.924
2012-05-09,0.919
2012-05-10,0.922
2012-05-11,0.92
2012-05-14,0.917
2012-05-15,0.918
2012-05-16,0.916
2012-05-17,0.923
2012-05-18,0.919
2012-05-21,0.921
2012-05-22,0.927
2012-05-23,0.926
2012-05-24,0.925
2012-05-25,0.924
2012-05-28,0.927
2012-05-29,0.931
2012-05-30,0.932
2012-05-31,0.931
2012-06-01,0.93
2012-06-04,0.921
2012-06-05,0.923
2012-06-06,0.923
2012-06-07,0.924
2012-06-08,0.923
2012-06-11,0.927
2012-06-12,0.926
2012-06-13,0.933
2012-06-14,0.93
2012-06-15,0.933
2012-06-18,0.934
2012-06-19,0.933
2012-06-20,0.931
2012-06-21,0.927
2012-06-25,0.924
2012-06-26,0.921
2012-06-27,0.922
2012-06-28,0.92
2012-06-29,0.924
2012-06-30,0.924
2012-07-02,0.924
2012-07-03,0.924
2012-07-04,0.926
2012-07-05,0.923
2012-07-06,0.926
2012-07-09,0.923
2012-07-10,0.917
2012-07-11,0.917
2012-07-12,0.919
2012-07-13,0.921
2012-07-16,0.917
2012-07-17,0.918
2012-07-18,0.92
2012-07-19,0.921
2012-07-20,0.918
2012-07-23,0.915
2012-07-24,0.912
2012-07-25,0.91
2012-07-26,0.904
2012-07-27,0.902
2012-07-30,0.901
2012-07-31,0.902
2012-08-01,0.907
2012-08-02,0.905
2012-08-03,0.903
2012-08-06,0.906
2012-08-07,0.906
2012-08-08,0.91
2012-08-09,0.91
2012-08-10,0.914
2012-08-13,0.911
2012-08-14,0.909
2012-08-15,0.905
2012-08-16,0.904
2012-08-17,0.903
2012-08-20,0.9
2012-08-21,0.901
2012-08-22,0.898
2012-08-23,0.896
2012-08-24,0.894
2012-08-27,0.885
2012-08-28,0.889
2012-08-29,0.886
2012-08-30,0.886
2012-08-31,0.888
2012-09-03,0.888
2012-09-04,0.885
2012-09-05,0.882
2012-09-06,0.88
2012-09-07,0.889
2012-09-10,0.889
2012-09-11,0.883
2012-09-12,0.88
2012-09-13,0.878
2012-09-14,0.88
2012-09-17,0.871
2012-09-18,0.868
2012-09-19,0.866
2012-09-20,0.863
2012-09-21,0.863
2012-09-24,0.862
2012-09-25,0.861
2012-09-26,0.86
2012-09-27,0.867
2012-09-28,0.874
2012-09-30,0.874
2012-10-08,0.874
2012-10-09,0.881
2012-10-10,0.882
2012-10-11,0.883
2012-10-12,0.886
2012-10-15,0.883
2012-10-16,0.882
2012-10-17,0.884
2012-10-18,0.89
2012-10-19,0.891
2012-10-22,0.892
2012-10-23,0.888
2012-10-24,0.886
2012-10-25,0.884
2012-10-26,0.878
2012-10-29,0.876
2012-10-30,0.878
2012-10-31,0.88
2012-11-01,0.885
2012-11-02,0.89
2012-11-05,0.888
2012-11-06,0.886
2012-11-07,0.886
2012-11-08,0.884
2012-11-09,0.888
2012-11-12,0.89
2012-11-13,0.884
2012-11-14,0.885
2012-11-15,0.883
2012-11-16,0.88
2012-11-19,0.882
2012-11-20,0.882
2012-11-21,0.884
2012-11-22,0.883
2012-11-23,0.888
2012-11-26,0.891
2012-11-27,0.889
2012-11-28,0.886
2012-11-29,0.888
2012-11-30,0.894
2012-12-03,0.891
2012-12-04,0.892
2012-12-05,0.902
2012-12-06,0.906
2012-12-07,0.915
2012-12-10,0.92
2012-12-11,0.917
2012-12-12,0.917
2012-12-13,0.913
2012-12-14,0.932
2012-12-17,0.936
2012-12-18,0.937
2012-12-19,0.937
2012-12-20,0.938
2012-12-21,0.935
2012-12-24,0.933
2012-12-25,0.947
2012-12-26,0.945
2012-12-27,0.949
2012-12-28,0.951
2012-12-31,0.954
2013-01-04,0.965
2013-01-07,0.968
2013-01-08,0.964
2013-01-09,0.965
2013-01-10,0.974
2013-01-11,0.969
2013-01-14,0.992
2013-01-15,1.0
2013-01-16,1.003
2013-01-17,1.003
2013-01-18,1.012
2013-01-21,1.014
2013-01-22,1.008
2013-01-23,1.002
2013-01-24,0.995
2013-01-25,0.989
2013-01-28,1.01
2013-01-29,1.01
2013-01-30,1.016
2013-01-31,1.05
2013-02-01,1.06
2013-02-04,1.057
2013-02-05,1.053
2013-02-06,1.054
2013-02-07,1.051
2013-02-08,1.057
2013-02-18,1.058
2013-02-19,1.045
2013-02-20,1.052
2013-02-21,1.028
2013-02-22,1.02
2013-02-25,1.023
2013-02-26,1.017
2013-02-27,1.022
2013-02-28,1.04
2013-03-01,1.037
2013-03-04,1.005
2013-03-05,1.016
2013-03-06,1.031
2013-03-07,1.021
2013-03-08,1.021
2013-03-11,1.017
2013-03-12,1.016
2013-03-13,1.008
2013-03-14,1.01
2013-03-15,1.012
2013-03-18,1.002
2013-03-19,1.008
2013-03-20,1.025
2013-03-21,1.037
2013-03-22,1.046
2013-03-25,1.055
2013-03-26,1.039
2013-03-27,1.039
2013-03-28,1.008
2013-03-29,1.007
2013-04-01,1.008
2013-04-02,1.002
2013-04-03,1.001
2013-04-08,0.999
2013-04-09,1.006
2013-04-10,1.007
2013-04-11,1.012
2013-04-12,1.009
2013-04-15,0.992
2013-04-16,0.995
2013-04-17,0.989
2013-04-18,0.987
2013-04-19,1.011
2013-04-22,0.997
2013-04-23,0.973
2013-04-24,0.982
2013-04-25,0.984
2013-04-26,0.983
2013-05-02,0.976
2013-05-03,0.992
2013-05-06,1.004
2013-05-07,1.011
2013-05-08,1.015
2013-05-09,1.005
2013-05-10,1.009
2013-05-13,1.011
2013-05-14,1.001
2013-05-15,1.003
2013-05-16,1.022
2013-05-17,1.046
2013-05-20,1.058
2013-05-21,1.046
2013-05-22,1.032
2013-05-23,1.022
2013-05-24,1.024
2013-05-27,1.025
2013-05-28,1.053
2013-05-29,1.057
2013-05-30,1.05
2013-05-31,1.046
2013-06-03,1.045
2013-06-04,1.032
2013-06-05,1.032
2013-06-06,1.023
2013-06-07,1.011
2013-06-13,0.977
2013-06-14,0.974
2013-06-17,0.979
2013-06-18,0.985
2013-06-19,0.97
2013-06-20,0.913
2013-06-21,0.919
2013-06-24,0.865
2013-06-25,0.89
2013-06-26,0.897
2013-06-27,0.906
2013-06-28,0.916
2013-06-30,0.915
2013-07-01,0.942
2013-07-02,0.944
2013-07-03,0.933
2013-07-04,0.932
2013-07-05,0.942
2013-07-08,0.928
2013-07-09,0.93
2013-07-10,0.937
2013-07-11,0.957
2013-07-12,0.945
2013-07-15,0.947
2013-07-16,0.942
2013-07-17,0.932
2013-07-18,0.919
2013-07-19,0.911
2013-07-22,0.905
2013-07-23,0.917
2013-07-24,0.91
2013-07-25,0.906
2013-07-26,0.909
2013-07-29,0.897
2013-07-30,0.898
2013-07-31,0.901
2013-08-01,0.915
2013-08-02,0.915
2013-08-05,0.925
2013-08-06,0.932
2013-08-07,0.927
2013-08-08,0.925
2013-08-09,0.925
2013-08-12,0.942
2013-08-13,0.947
2013-08-14,0.941
2013-08-15,0.932
2013-08-16,0.924
2013-08-19,0.933
2013-08-20,0.927
2013-08-21,0.92
2013-08-22,0.916
2013-08-23,0.913
2013-08-26,0.927
2013-08-27,0.928
2013-08-28,0.926
2013-08-29,0.925
2013-08-30,0.927
2013-09-02,0.93
2013-09-03,0.941
2013-09-04,0.939
2013-09-05,0.937
2013-09-06,0.937
2013-09-09,0.969
2013-09-10,0.981
2013-09-11,0.984
2013-09-12,0.987
2013-09-13,0.976
2013-09-16,0.966
2013-09-17,0.951
2013-09-18,0.956
2013-09-23,0.961
2013-09-24,0.952
2013-09-25,0.95
2013-09-26,0.935
2013-09-27,0.933
2013-09-30,0.932
2013-10-08,0.937
2013-10-09,0.946
2013-10-10,0.943
2013-10-11,0.951
2013-10-14,0.951
2013-10-15,0.949
2013-10-16,0.943
2013-10-17,0.938
2013-10-18,0.938
2013-10-21,0.949
2013-10-22,0.941
2013-10-23,0.942
2013-10-24,0.932
2013-10-25,0.925
2013-10-28,0.923
2013-10-29,0.93
2013-10-30,0.952
2013-10-31,0.947
2013-11-01,0.953
2013-11-04,0.948
2013-11-05,0.944
2013-11-06,0.936
2013-11-07,0.935
2013-11-08,0.93
2013-11-11,0.93
2013-11-12,0.934
2013-11-13,0.904
2013-11-14,0.903
2013-11-15,0.903
2013-11-18,0.934
2013-11-19,0.928
2013-11-20,0.926
2013-11-21,0.921
2013-11-22,0.924
2013-11-25,0.909
2013-11-26,0.902
2013-11-27,0.908
2013-11-28,0.914
2013-11-29,0.911
2013-12-02,0.92
2013-12-03,0.929
2013-12-04,0.941
2013-12-05,0.934
2013-12-06,0.925
2013-12-09,0.919
2013-12-10,0.919
2013-12-11,0.904
2013-12-12,0.9
2013-12-13,0.898
2013-12-16,0.885
2013-12-17,0.877
2013-12-18,0.87
2013-12-19,0.846
2013-12-20,0.834
2013-12-23,0.831
2013-12-24,0.835
2013-12-25,0.845
2013-12-26,0.837
2013-12-27,0.841
2013-12-30,0.836
2013-12-31,0.841
2014-01-02,0.849
2014-01-03,0.843
2014-01-06,0.832
2014-01-07,0.832
2014-01-08,0.835
2014-01-09,0.829
2014-01-10,0.825
2014-01-13,0.821
2014-01-14,0.823
2014-01-15,0.818
2014-01-16,0.821
2014-01-17,0.815
2014-01-20,0.798
2014-01-21,0.807
2014-01-22,0.824
2014-01-23,0.827
2014-01-24,0.83
2014-01-27,0.82
2014-01-28,0.827
2014-01-29,0.842
2014-01-30,0.838
2014-02-07,0.831
2014-02-10,0.845
2014-02-11,0.849
2014-02-12,0.848
2014-02-13,0.849
2014-02-14,0.854
2014-02-17,0.856
2014-02-18,0.845
2014-02-19,0.849
2014-02-20,0.866
2014-02-21,0.859
2014-02-24,0.839
2014-02-25,0.834
2014-02-26,0.835
2014-02-27,0.847
2014-02-28,0.829
2014-03-03,0.834
2014-03-04,0.831
2014-03-05,0.823
2014-03-06,0.826
2014-03-07,0.832
2014-03-10,0.821
2014-03-11,0.821
2014-03-12,0.819
2014-03-13,0.827
2014-03-14,0.827
2014-03-17,0.828
2014-03-18,0.826
2014-03-19,0.819
2014-03-20,0.818
2014-03-21,0.828
2014-03-24,0.829
2014-03-25,0.83
2014-03-26,0.829
2014-03-27,0.83
2014-03-28,0.83
2014-03-31,0.83
2014-04-01,0.832
2014-04-02,0.835
2014-04-03,0.834
2014-04-04,0.839
2014-04-08,0.853
2014-04-09,0.855
2014-04-10,0.863
2014-04-11,0.861
2014-04-14,0.863
2014-04-15,0.857
2014-04-16,0.856
2014-04-17,0.856
2014-04-18,0.855
2014-04-21,0.85
2014-04-22,0.853
2014-04-23,0.853
2014-04-24,0.852
2014-04-25,0.85
2014-04-28,0.843
2014-04-29,0.842
2014-04-30,0.847
2014-05-05,0.845
2014-05-06,0.847
2014-05-07,0.845
2014-05-08,0.846
2014-05-09,0.848
2014-05-12,0.853
2014-05-13,0.853
2014-05-14,0.85
2014-05-15,0.846
2014-05-16,0.845
2014-05-19,0.838
2014-05-20,0.838
2014-05-21,0.843
2014-05-22,0.845
2014-05-23,0.849
2014-05-26,0.848
2014-05-27,0.849
2014-05-28,0.854
2014-05-29,0.853
2014-05-30,0.853
2014-06-03,0.857
2014-06-04,0.855
2014-06-05,0.859
2014-06-06,0.86
2014-06-09,0.864
2014-06-10,0.87
2014-06-11,0.87
2014-06-12,0.87
2014-06-13,0.88
2014-06-16,0.885
2014-06-17,0.873
2014-06-18,0.869
2014-06-19,0.867
2014-06-20,0.871
2014-06-23,0.871
2014-06-24,0.874
2014-06-25,0.873
2014-06-26,0.879
2014-06-27,0.878
2014-06-30,0.88
2014-07-01,0.873
2014-07-02,0.873
2014-07-03,0.877
2014-07-04,0.874
2014-07-07,0.873
2014-07-08,0.875
2014-07-09,0.864
2014-07-10,0.863
2014-07-11,0.867
2014-07-14,0.871
2014-07-15,0.87
2014-07-16,0.869
2014-07-17,0.863
2014-07-18,0.865
2014-07-21,0.862
2014-07-22,0.871
2014-07-23,0.877
2014-07-24,0.888
2014-07-25,0.888
2014-07-28,0.903
2014-07-29,0.903
2014-07-30,0.903
2014-07-31,0.909
2014-08-01,0.914
2014-08-04,0.922
2014-08-05,0.917
2014-08-06,0.911
2014-08-07,0.902
2014-08-08,0.903
2014-08-11,0.914
2014-08-12,0.915
2014-08-13,0.913
2014-08-14,0.907
2014-08-15,0.915
2014-08-18,0.919
2014-08-19,0.921
2014-08-20,0.919
2014-08-21,0.911
2014-08-22,0.914
2014-08-25,0.913
2014-08-26,0.91
2014-08-27,0.911
2014-08-28,0.91
2014-08-29,0.919
2014-09-01,0.931
2014-09-02,0.943
2014-09-03,0.959
2014-09-04,0.965
2014-09-05,0.97
2014-09-09,0.959
2014-09-10,0.956
2014-09-11,0.95
2014-09-12,0.959
2014-09-15,0.947
2014-09-16,0.924
2014-09-17,0.925
2014-09-18,0.931
2014-09-19,0.938
2014-09-22,0.912
2014-09-23,0.921
2014-09-24,0.945
2014-09-25,0.943
2014-09-26,0.936
2014-09-29,0.938
2014-09-30,0.941
2014-10-08,0.946
2014-10-09,0.951
2014-10-10,0.937
2014-10-13,0.929
2014-10-14,0.925
2014-10-15,0.932
2014-10-16,0.927
2014-10-17,0.927
2014-10-20,0.935
2014-10-21,0.932
2014-10-22,0.937
2014-10-23,0.938
2014-10-24,0.935
2014-10-27,0.921
2014-10-28,0.936
2014-10-29,0.96
2014-10-30,0.977
2014-10-31,1.003
2014-11-03,1.01
2014-11-04,1.008
2014-11-05,1.001
2014-11-06,0.999
2014-11-07,1.011
2014-11-10,1.072
2014-11-11,1.088
2014-11-12,1.103
2014-11-13,1.111
2014-11-14,1.094
2014-11-17,1.061
2014-11-18,1.013
2014-11-19,1.016
2014-11-20,1.04
2014-11-21,1.066
2014-11-24,1.1
2014-11-25,1.111
2014-11-26,1.143
2014-11-27,1.156
2014-11-28,1.19
2014-12-01,1.189
2014-12-02,1.264
2014-12-03,1.258
2014-12-04,1.345
2014-12-05,1.371
2014-12-08,1.453
2014-12-09,1.306
2014-12-10,1.346
2014-12-11,1.29
2014-12-12,1.29
2014-12-15,1.289
2014-12-16,1.372
2014-12-17,1.412
2014-12-18,1.42
2014-12-19,1.437
2014-12-22,1.497
2014-12-23,1.454
2014-12-24,1.39
2014-12-25,1.442
2014-12-26,1.516
2014-12-29,1.55
2014-12-30,1.568
2014-12-31,1.627
2015-01-05,1.713
2015-01-06,1.707
2015-01-07,1.72
2015-01-08,1.671
2015-01-09,1.687
2015-01-12,1.661
2015-01-13,1.666
2015-01-14,1.681
2015-01-15,1.739
2015-01-16,1.756
2015-01-19,1.61
2015-01-20,1.624
2015-01-21,1.721
2015-01-22,1.73
2015-01-23,1.737
2015-01-26,1.704
2015-01-27,1.665
2015-01-28,1.622
2015-01-29,1.584
2015-01-30,1.569
2015-02-02,1.483
2015-02-03,1.532
2015-02-04,1.51
2015-02-05,1.499
2015-02-06,1.461
2015-02-09,1.478
2015-02-10,1.508
2015-02-11,1.512
2015-02-12,1.514
2015-02-13,1.528
2015-02-16,1.527
2015-02-17,1.538
2015-02-25,1.512
2015-02-26,1.544
2015-02-27,1.537
2015-03-02,1.537
2015-03-03,1.52
2015-03-04,1.51
2015-03-05,1.485
2015-03-06,1.482
2015-03-09,1.497
2015-03-10,1.492
2015-03-11,1.498
2015-03-12,1.524
2015-03-13,1.522
2015-03-16,1.564
2015-03-17,1.588
2015-03-18,1.603
2015-03-19,1.587
2015-03-20,1.608
2015-03-23,1.614
2015-03-24,1.586
2015-03-25,1.541
2015-03-26,1.526
2015-03-27,1.531
2015-03-30,1.574
2015-03-31,1.55
2015-04-01,1.586
2015-04-02,1.585
2015-04-03,1.608
2015-04-07,1.612
2015-04-08,1.586
2015-04-09,1.55
2015-04-10,1.578
2015-04-13,1.592
2015-04-14,1.583
2015-04-15,1.557
2015-04-16,1.619
2015-04-17,1.699
2015-04-20,1.636
2015-04-21,1.69
2015-04-22,1.865
2015-04-23,1.844
2015-04-24,1.805
2015-04-27,1.847
2015-04-28,1.76
2015-04-29,1.785
2015-04-30,1.797
2015-05-04,1.82
2015-05-05,1.711
2015-05-06,1.668
2015-05-07,1.645
2015-05-08,1.634
2015-05-11,1.713
2015-05-12,1.799
2015-05-13,1.745
2015-05-14,1.789
2015-05-15,1.77
2015-05-18,1.769
2015-05-19,1.825
2015-05-20,1.842
2015-05-21,1.903
2015-05-22,1.966
2015-05-25,2.091
2015-05-26,2.183
2015-05-27,2.166
2015-05-28,2.026
2015-05-29,2.046
2015-06-01,2.173
2015-06-02,2.17
2015-06-03,2.145
2015-06-04,2.174
2015-06-05,2.175
2015-06-08,2.215
2015-06-09,2.197
2015-06-10,2.17
2015-06-11,2.158
2015-06-12,2.165
2015-06-15,2.131
2015-06-16,2.066
2015-06-17,2.072
2015-06-18,1.997
2015-06-19,1.904
2015-06-23,1.894
2015-06-24,1.932
2015-06-25,1.88
2015-06-26,1.747
2015-06-29,1.685
2015-06-30,1.758
2015-07-01,1.691
2015-07-02,1.655
2015-07-03,1.656
2015-07-06,1.672
2015-07-07,1.621
2015-07-08,1.517
2015-07-09,1.619
2015-07-10,1.663
2015-07-13,1.661
2015-07-14,1.637
2015-07-15,1.597
2015-07-16,1.599
2015-07-17,1.635
2015-07-20,1.653
2015-07-21,1.66
2015-07-22,1.657
2015-07-23,1.687
2015-07-24,1.671
2015-07-27,1.602
2015-07-28,1.601
2015-07-29,1.619
2015-07-30,1.602
2015-07-31,1.58
2015-08-03,1.566
2015-08-04,1.597
2015-08-05,1.587
2015-08-06,1.58
2015-08-07,1.609
2015-08-10,1.651
2015-08-11,1.635
2015-08-12,1.617
2015-08-13,1.633
2015-08-14,1.632
2015-08-17,1.621
2015-08-18,1.574
2015-08-19,1.581
2015-08-20,1.567
2015-08-21,1.539
2015-08-24,1.47
2015-08-25,1.447
2015-08-26,1.462
2015-08-27,1.501
2015-08-28,1.521
2015-08-31,1.51
2015-09-01,1.487
2015-09-02,1.482
2015-09-07,1.484
2015-09-08,1.51
2015-09-09,1.528
2015-09-10,1.516
2015-09-11,1.519
2015-09-14,1.498
2015-09-15,1.478
2015-09-16,1.509
2015-09-17,1.501
2015-09-18,1.506
2015-09-21,1.53
2015-09-22,1.533
2015-09-23,1.522
2015-09-24,1.529
2015-09-25,1.518
2015-09-28,1.519
2015-09-29,1.502
2015-09-30,1.509
2015-10-08,1.525
2015-10-09,1.532
2015-10-12,1.558
2015-10-13,1.559
2015-10-14,1.556
2015-10-15,1.571
2015-10-16,1.583
2015-10-19,1.579
2015-10-20,1.585
2015-10-21,1.571
2015-10-22,1.58
2015-10-23,1.59
2015-10-26,1.599
2015-10-27,1.606
2015-10-28,1.592
2015-10-29,1.588
2015-10-30,1.589
2015-11-02,1.579
2015-11-03,1.581
2015-11-04,1.637
2015-11-05,1.651
2015-11-06,1.683
2015-11-09,1.674
2015-11-10,1.682
2015-11-11,1.681
2015-11-12,1.677
2015-11-13,1.664
2015-11-16,1.665
2015-11-17,1.661
2015-11-18,1.644
2015-11-19,1.666
2015-11-20,1.669
2015-11-23,1.664
2015-11-24,1.66
2015-11-25,1.673
2015-11-26,1.674
2015-11-27,1.643
2015-11-30,1.64
2015-12-01,1.642
2015-12-02,1.66
2015-12-03,1.668
2015-12-04,1.66
2015-12-07,1.676
2015-12-08,1.658
2015-12-09,1.642
2015-12-10,1.637
2015-12-11,1.627
2015-12-14,1.654
2015-12-15,1.648
2015-12-16,1.648
2015-12-17,1.656
2015-12-18,1.651
2015-12-21,1.663
2015-12-22,1.666
2015-12-23,1.672
2015-12-24,1.669
2015-12-25,1.674
2015-12-28,1.649
2015-12-29,1.649
2015-12-30,1.645
2015-12-31,1.645
2016-01-04,1.585
2016-01-05,1.571
2016-01-06,1.575
2016-01-07,1.517
2016-01-08,1.521
2016-01-11,1.483
2016-01-12,1.502
2016-01-13,1.492
2016-01-14,1.513
2016-01-15,1.493
2016-01-18,1.471
2016-01-19,1.446
2016-01-20,1.394
2016-01-21,1.378
2016-01-22,1.386
2016-01-25,1.405
2016-01-26,1.361
2016-01-27,1.355
2016-01-28,1.344
2016-01-29,1.363
2016-02-01,1.354
2016-02-02,1.373
2016-02-03,1.377
2016-02-04,1.396
2016-02-05,1.387
2016-02-15,1.385
2016-02-16,1.416
2016-02-17,1.431
2016-02-18,1.434
2016-02-19,1.436
2016-02-22,1.441
2016-02-23,1.434
2016-02-24,1.422
2016-02-25,1.379
2016-02-26,1.375
2016-02-29,1.342
2016-03-01,1.357
2016-03-02,1.396
2016-03-03,1.386
2016-03-04,1.368
2016-03-07,1.377
2016-03-08,1.382
2016-03-09,1.378
2016-03-10,1.365
2016-03-11,1.365
2016-03-14,1.379
2016-03-15,1.375
2016-03-16,1.37
2016-03-17,1.392
2016-03-18,1.422
2016-03-21,1.439
2016-03-22,1.436
2016-03-23,1.437
2016-03-24,1.43
2016-03-25,1.436
2016-03-28,1.422
2016-03-29,1.41
2016-03-30,1.425
2016-03-31,1.422
2016-04-01,1.42
2016-04-05,1.438
2016-04-06,1.439
2016-04-07,1.429
2016-04-08,1.418
2016-04-11,1.428
2016-04-12,1.425
2016-04-13,1.441
2016-04-14,1.443
2016-04-15,1.439
2016-04-18,1.43
2016-04-19,1.436
2016-04-20,1.411
2016-04-21,1.398
2016-04-22,1.397
2016-04-25,1.387
2016-04-26,1.383
2016-04-27,1.383
2016-04-28,1.379
2016-04-29,1.378
2016-05-03,1.394
2016-05-04,1.397
2016-05-05,1.399
2016-05-06,1.383
2016-05-09,1.358
2016-05-10,1.36
2016-05-11,1.354
2016-05-12,1.36
2016-05-13,1.36
2016-05-16,1.373
2016-05-17,1.372
2016-05-18,1.364
2016-05-19,1.358
2016-05-20,1.357
2016-05-23,1.364
2016-05-24,1.361
2016-05-25,1.357
2016-05-26,1.353
2016-05-27,1.354
2016-05-30,1.355
2016-05-31,1.368
2016-06-01,1.371
2016-06-02,1.372
2016-06-03,1.374
2016-06-06,1.378
2016-06-07,1.371
2016-06-08,1.372
2016-06-13,1.362
2016-06-14,1.363
2016-06-15,1.376
2016-06-16,1.374
2016-06-17,1.373
2016-06-20,1.375
2016-06-21,1.371
2016-06-22,1.375
2016-06-23,1.378
2016-06-24,1.374
2016-06-27,1.378
2016-06-28,1.38
2016-06-29,1.384
2016-06-30,1.38
2016-07-01,1.378
2016-07-04,1.385
2016-07-05,1.386
2016-07-06,1.391
2016-07-07,1.393
2016-07-08,1.391
2016-07-11,1.386
2016-07-12,1.387
2016-07-13,1.395
2016-07-14,1.397
2016-07-15,1.396
2016-07-18,1.392
2016-07-19,1.395
2016-07-20,1.393
2016-07-21,1.395
2016-07-22,1.391
2016-07-25,1.386
2016-07-26,1.389
2016-07-27,1.376
2016-07-28,1.372
2016-07-29,1.362
2016-08-01,1.354
2016-08-02,1.359
2016-08-03,1.36
2016-08-04,1.366
2016-08-05,1.365
2016-08-08,1.368
2016-08-09,1.373
2016-08-10,1.372
2016-08-11,1.371
2016-08-12,1.378
2016-08-15,1.402
2016-08-16,1.405
2016-08-17,1.402
2016-08-18,1.409
2016-08-19,1.41
2016-08-22,1.404
2016-08-23,1.401
2016-08-24,1.399
2016-08-25,1.397
2016-08-26,1.398
2016-08-29,1.396
2016-08-30,1.396
2016-08-31,1.396
2016-09-01,1.39
2016-09-02,1.393
2016-09-05,1.397
2016-09-06,1.41
2016-09-07,1.41
2016-09-08,1.41
2016-09-09,1.407
2016-09-12,1.397
2016-09-13,1.398
2016-09-14,1.396
2016-09-19,1.396
2016-09-20,1.395
2016-09-21,1.398
2016-09-22,1.403
2016-09-23,1.402
2016-09-26,1.388
2016-09-27,1.389
2016-09-28,1.392
2016-09-29,1.395
2016-09-30,1.396
2016-10-10,1.403
2016-10-11,1.405
2016-10-12,1.403
2016-10-13,1.402
2016-10-14,1.403
2016-10-17,1.4
2016-10-18,1.408
2016-10-19,1.407
2016-10-20,1.413
2016-10-21,1.413
2016-10-24,1.421
2016-10-25,1.422
2016-10-26,1.417
2016-10-27,1.413
2016-10-28,1.415
2016-10-31,1.413
2016-11-01,1.417
2016-11-02,1.413
2016-11-03,1.416
2016-11-04,1.415
2016-11-07,1.417
2016-11-08,1.42
2016-11-09,1.417
2016-11-10,1.423
2016-11-11,1.428
2016-11-14,1.429
2016-11-15,1.428
2016-11-16,1.427
2016-11-17,1.426
2016-11-18,1.426
2016-11-21,1.432
2016-11-22,1.439
2016-11-23,1.436
2016-11-24,1.437
2016-11-25,1.441
2016-11-28,1.446
2016-11-29,1.44
2016-11-30,1.428
2016-12-01,1.425
2016-12-02,1.41
2016-12-05,1.385
2016-12-06,1.377
2016-12-07,1.383
2016-12-08,1.387
2016-12-09,1.393
2016-12-12,1.35
2016-12-13,1.338
2016-12-14,1.328
2016-12-15,1.292
2016-12-16,1.315
2016-12-19,1.298
2016-12-20,1.287
2016-12-21,1.318
2016-12-22,1.328
2016-12-23,1.33
2016-12-26,1.332
2016-12-27,1.33
2016-12-28,1.327
2016-12-29,1.325
2016-12-30,1.329
2016-12-31,1.329
2017-01-03,1.335
2017-01-04,1.347
2017-01-05,1.347
2017-01-06,1.342
2017-01-09,1.351
2017-01-10,1.348
2017-01-11,1.345
2017-01-12,1.342
2017-01-13,1.342
2017-01-16,1.331
2017-01-17,1.332
2017-01-18,1.33
2017-01-19,1.329
2017-01-20,1.336
2017-01-23,1.34
2017-01-24,1.338
2017-01-25,1.339
2017-01-26,1.343
2017-02-03,1.327
2017-02-06,1.327
2017-02-07,1.326
2017-02-08,1.329
2017-02-09,1.336
2017-02-10,1.339
2017-02-13,1.344
2017-02-14,1.343
2017-02-15,1.343
2017-02-16,1.339
2017-02-17,1.335
2017-02-20,1.34
2017-02-21,1.344
2017-02-22,1.349
2017-02-23,1.347
2017-02-24,1.347
2017-02-27,1.338
2017-02-28,1.336
2017-03-01,1.335
2017-03-02,1.334
2017-03-03,1.332
2017-03-06,1.333
2017-03-07,1.334
2017-03-08,1.328
2017-03-09,1.325
2017-03-10,1.321
2017-03-13,1.328
2017-03-14,1.327
2017-03-15,1.324
2017-03-16,1.325
2017-03-17,1.319
2017-03-20,1.314
2017-03-21,1.319
2017-03-22,1.316
2017-03-23,1.319
2017-03-24,1.33
2017-03-27,1.329
2017-03-28,1.325
2017-03-29,1.325
2017-03-30,1.321
2017-03-31,1.322
2017-04-05,1.324
2017-04-06,1.319
2017-04-07,1.318
2017-04-10,1.313
2017-04-11,1.309
2017-04-12,1.312
2017-04-13,1.315
2017-04-14,1.308
2017-04-17,1.3
2017-04-18,1.302
2017-04-19,1.299
2017-04-20,1.306
2017-04-21,1.305
2017-04-24,1.294
2017-04-25,1.301
2017-04-26,1.308
2017-04-27,1.312
2017-04-28,1.31
2017-05-02,1.308
2017-05-03,1.31
2017-05-04,1.313
2017-05-05,1.309
2017-05-08,1.295
2017-05-09,1.297
2017-05-10,1.299
2017-05-11,1.296
2017-05-12,1.31
2017-05-15,1.309
2017-05-16,1.325
2017-05-17,1.322
2017-05-18,1.316
2017-05-19,1.32
2017-05-22,1.321
2017-05-23,1.315
2017-05-24,1.309
2017-05-25,1.323
2017-05-26,1.322
2017-05-31,1.324
2017-06-01,1.329
2017-06-02,1.321
2017-06-05,1.321
2017-06-06,1.331
2017-06-07,1.342
2017-06-08,1.347
2017-06-09,1.357
2017-06-12,1.354
2017-06-13,1.354
2017-06-14,1.345
2017-06-15,1.348
2017-06-16,1.344
2017-06-19,1.357
2017-06-20,1.356
2017-06-21,1.364
2017-06-22,1.365
2017-06-23,1.37
2017-06-26,1.387
2017-06-27,1.39
2017-06-28,1.382
2017-06-29,1.379
2017-06-30,1.379
2017-07-03,1.379
2017-07-04,1.376
2017-07-05,1.392
2017-07-06,1.401
2017-07-07,1.4
2017-07-10,1.398
2017-07-11,1.396
2017-07-12,1.382
2017-07-13,1.398
2017-07-14,1.405
2017-07-17,1.401
2017-07-18,1.404
2017-07-19,1.413
2017-07-20,1.421
2017-07-21,1.421
2017-07-24,1.425
2017-07-25,1.414
2017-07-26,1.408
2017-07-27,1.414
2017-07-28,1.419
2017-07-31,1.426
2017-08-01,1.448
2017-08-02,1.455
2017-08-03,1.446
2017-08-04,1.44
2017-08-07,1.442
2017-08-08,1.449
2017-08-09,1.442
2017-08-10,1.437
2017-08-11,1.423
2017-08-14,1.439
2017-08-15,1.444
2017-08-16,1.445
2017-08-17,1.443
2017-08-18,1.444
2017-08-21,1.441
2017-08-22,1.442
2017-08-23,1.446
2017-08-24,1.442
2017-08-25,1.462
2017-08-28,1.484
2017-08-29,1.48
2017-08-30,1.469
2017-08-31,1.467
2017-09-01,1.471
2017-09-04,1.476
2017-09-05,1.476
2017-09-06,1.476
2017-09-07,1.47
2017-09-08,1.469
2017-09-11,1.46
2017-09-12,1.452
2017-09-13,1.449
2017-09-14,1.441
2017-09-15,1.441
2017-09-18,1.439
2017-09-19,1.429
2017-09-20,1.431
2017-09-21,1.428
2017-09-22,1.424
2017-09-25,1.414
2017-09-26,1.408
2017-09-27,1.41
2017-09-28,1.411
2017-09-29,1.416
2017-10-09,1.415
2017-10-10,1.408
2017-10-11,1.416
2017-10-12,1.423
2017-10-13,1.426
2017-10-16,1.422
2017-10-17,1.424
2017-10-18,1.424
2017-10-19,1.42
2017-10-20,1.416
2017-10-23,1.418
2017-10-24,1.421
2017-10-25,1.426
2017-10-26,1.421
2017-10-27,1.423
2017-10-30,1.417
2017-10-31,1.416
2017-11-01,1.414
2017-11-02,1.412
2017-11-03,1.403
2017-11-06,1.398
2017-11-07,1.404
2017-11-08,1.401
2017-11-09,1.408
2017-11-10,1.439
2017-11-13,1.439
2017-11-14,1.442
2017-11-15,1.427
2017-11-16,1.43
2017-11-17,1.424
2017-11-20,1.418
2017-11-21,1.419
2017-11-22,1.409
2017-11-23,1.375
2017-11-24,1.371
2017-11-27,1.359
2017-11-28,1.354
2017-11-29,1.352
2017-11-30,1.338
2017-12-01,1.334
2017-12-04,1.326
2017-12-05,1.319
2017-12-06,1.317
2017-12-07,1.321
2017-12-08,1.335
2017-12-11,1.347
2017-12-12,1.337
2017-12-13,1.337
2017-12-14,1.333
2017-12-15,1.33
2017-12-18,1.325
2017-12-19,1.328
2017-12-20,1.323
2017-12-21,1.328
2017-12-22,1.332
2017-12-25,1.324
2017-12-26,1.323
2017-12-27,1.312
2017-12-28,1.31
2017-12-29,1.314
2017-12-31,1.313
2018-01-02,1.327
2018-01-03,1.341
2018-01-04,1.348
2018-01-05,1.353
2018-01-08,1.355
2018-01-09,1.35
2018-01-10,1.346
2018-01-11,1.344
2018-01-12,1.345
2018-01-15,1.33
2018-01-16,1.333
2018-01-17,1.332
2018-01-18,1.341
2018-01-19,1.348
2018-01-22,1.362
2018-01-23,1.371
2018-01-24,1.386
2018-01-25,1.389
2018-01-26,1.39
2018-01-29,1.359
2018-01-30,1.347
2018-01-31,1.349
2018-02-01,1.337
2018-02-02,1.35
2018-02-05,1.359
2018-02-06,1.333
2018-02-07,1.321
2018-02-08,1.309
2018-02-09,1.272
2018-02-12,1.293
2018-02-13,1.301
2018-02-14,1.31
2018-02-22,1.325
2018-02-23,1.323
2018-02-26,1.338
2018-02-27,1.328
2018-02-28,1.318
2018-03-01,1.321
2018-03-02,1.306
2018-03-05,1.305
2018-03-06,1.317
2018-03-07,1.313
2018-03-08,1.317
2018-03-09,1.321
2018-03-12,1.334
2018-03-13,1.327
2018-03-14,1.322
2018-03-15,1.323
2018-03-16,1.319
2018-03-19,1.322
2018-03-20,1.323
2018-03-21,1.32
2018-03-22,1.313
2018-03-23,1.289
2018-03-26,1.293
2018-03-27,1.301
2018-03-28,1.293
2018-03-29,1.301
2018-03-30,1.31
2018-04-02,1.318
2018-04-03,1.315
2018-04-04,1.313
2018-04-09,1.316
2018-04-10,1.323
2018-04-11,1.33
2018-04-12,1.322
2018-04-13,1.318
2018-04-16,1.312
2018-04-17,1.299
2018-04-18,1.314
2018-04-19,1.32
2018-04-20,1.308
2018-04-23,1.289
2018-04-24,1.315
2018-04-25,1.319
2018-04-26,1.305
2018-04-27,1.308
2018-05-02,1.306
2018-05-03,1.312
2018-05-04,1.315
2018-05-07,1.331
2018-05-08,1.341
2018-05-09,1.337
2018-05-10,1.336
2018-05-11,1.331
2018-05-14,1.324
2018-05-15,1.332
2018-05-16,1.326
2018-05-17,1.317
2018-05-18,1.325
2018-05-21,1.329
2018-05-22,1.326
2018-05-23,1.314
2018-05-24,1.306
2018-05-25,1.299
2018-05-28,1.296
2018-05-29,1.28
2018-05-30,1.255
2018-05-31,1.268
2018-06-01,1.26
2018-06-04,1.246
2018-06-05,1.259
2018-06-06,1.259
2018-06-07,1.261
2018-06-08,1.251
2018-06-11,1.245
2018-06-12,1.256
2018-06-13,1.251
2018-06-14,1.25
2018-06-15,1.242
2018-06-19,1.205
2018-06-20,1.21
2018-06-21,1.207
2018-06-22,1.217
2018-06-25,1.218
2018-06-26,1.214
2018-06-27,1.204
2018-06-28,1.201
2018-06-29,1.224
2018-06-30,1.224
2018-07-02,1.209
2018-07-03,1.214
2018-07-04,1.205
2018-07-05,1.203
2018-07-06,1.204
2018-07-09,1.226
2018-07-10,1.23
2018-07-11,1.223
2018-07-12,1.242
2018-07-13,1.244
2018-07-16,1.24
2018-07-17,1.237
2018-07-18,1.236
2018-07-19,1.237
2018-07-20,1.253
2018-07-23,1.262
2018-07-24,1.27
2018-07-25,1.268
2018-07-26,1.254
2018-07-27,1.251
2018-07-30,1.247
2018-07-31,1.249
2018-08-01,1.239
2018-08-02,1.231
2018-08-03,1.222
2018-08-06,1.214
2018-08-07,1.23
2018-08-08,1.22
2018-08-09,1.237
2018-08-10,1.238
2018-08-13,1.237
2018-08-14,1.232
2018-08-15,1.222
2018-08-16,1.22
2018-08-17,1.213
2018-08-20,1.216
2018-08-21,1.224
2018-08-22,1.219
2018-08-23,1.221
2018-08-24,1.221
2018-08-27,1.23
2018-08-28,1.233
2018-08-29,1.229
2018-08-30,1.22
2018-08-31,1.216
2018-09-03,1.214
2018-09-04,1.217
2018-09-05,1.21
2018-09-06,1.207
2018-09-07,1.207
2018-09-10,1.194
2018-09-11,1.191
2018-09-12,1.188
2018-09-13,1.189
2018-09-14,1.186
2018-09-17,1.18
2018-09-18,1.183
2018-09-19,1.192
2018-09-20,1.19
2018-09-21,1.201
2018-09-25,1.198
2018-09-26,1.203
2018-09-27,1.197
2018-09-28,1.203
2018-10-08,1.182
2018-10-09,1.177
2018-10-10,1.176
2018-10-11,1.157
2018-10-12,1.164
2018-10-15,1.159
2018-10-16,1.155
2018-10-17,1.155
2018-10-18,1.148
2018-10-19,1.166
2018-10-22,1.182
2018-10-23,1.175
2018-10-24,1.176
2018-10-25,1.178
2018-10-26,1.175
2018-10-29,1.162
2018-10-30,1.166
2018-10-31,1.17
2018-11-01,1.171
2018-11-02,1.192
2018-11-05,1.189
2018-11-06,1.186
2018-11-07,1.185
2018-11-08,1.183
2018-11-09,1.174
2018-11-12,1.178
2018-11-13,1.185
2018-11-14,1.181
2018-11-15,1.192
2018-11-16,1.196
2018-11-19,1.198
2018-11-20,1.181
2018-11-21,1.182
2018-11-22,1.177
2018-11-23,1.166
2018-11-26,1.168
2018-11-27,1.169
2018-11-28,1.177
2018-11-29,1.169
2018-11-30,1.174
2018-12-03,1.188
2018-12-04,1.188
2018-12-05,1.187
2018-12-06,1.179
2018-12-07,1.179
2018-12-10,1.173
2018-12-11,1.174
2018-12-12,1.176
2018-12-13,1.185
2018-12-14,1.177
2018-12-17,1.176
2018-12-18,1.169
2018-12-19,1.16
2018-12-20,1.152
2018-12-21,1.144
2018-12-24,1.144
2018-12-25,1.138
2018-12-26,1.133
2018-12-27,1.133
2018-12-28,1.137
2018-12-31,1.136
2019-01-02,1.126
2019-01-03,1.127
2019-01-04,1.145
2019-01-07,1.154
2019-01-08,1.155
2019-01-09,1.159
2019-01-10,1.162
2019-01-11,1.166
2019-01-14,1.159
2019-01-15,1.168
2019-01-16,1.167
2019-01-17,1.162
2019-01-18,1.17
2019-01-21,1.174
2019-01-22,1.17
2019-01-23,1.172
2019-01-24,1.183
2019-01-25,1.196
2019-01-28,1.195
2019-01-29,1.193
2019-01-30,1.192
2019-01-31,1.199
2019-02-01,1.213
2019-02-11,1.224
2019-02-12,1.226
2019-02-13,1.239
2019-02-14,1.242
2019-02-15,1.233
2019-02-18,1.256
2019-02-19,1.25
2019-02-20,1.255
2019-02-21,1.264
2019-02-22,1.297
2019-02-25,1.371
2019-02-26,1.349
2019-02-27,1.342
2019-02-28,1.346
2019-03-01,1.368
2019-03-04,1.382
2019-03-05,1.394
2019-03-06,1.407
2019-03-07,1.403
2019-03-08,1.368
2019-03-11,1.39
2019-03-12,1.403
2019-03-13,1.389
2019-03-14,1.372
2019-03-15,1.381
2019-03-18,1.403
2019-03-19,1.406
2019-03-20,1.404
2019-03-21,1.417
2019-03-22,1.418
2019-03-25,1.398
2019-03-26,1.366
2019-03-27,1.366
2019-03-28,1.359
2019-03-29,1.389
2019-04-01,1.429
2019-04-02,1.44
2019-04-03,1.449
2019-04-04,1.466
2019-04-08,1.462
2019-04-09,1.449
2019-04-10,1.442
2019-04-11,1.422
2019-04-12,1.42
2019-04-15,1.412
2019-04-16,1.425
2019-04-17,1.439
2019-04-18,1.442
2019-04-19,1.446
2019-04-22,1.421
2019-04-23,1.401
2019-04-24,1.4
2019-04-25,1.372
2019-04-26,1.358
2019-04-29,1.358
2019-04-30,1.375
2019-05-06,1.318
2019-05-07,1.331
2019-05-08,1.326
2019-05-09,1.326
2019-05-10,1.355
2019-05-13,1.343
2019-05-14,1.345
2019-05-15,1.37
2019-05-16,1.371
2019-05-17,1.352
2019-05-20,1.34
2019-05-21,1.348
2019-05-22,1.351
2019-05-23,1.338
2019-05-24,1.337
2019-05-27,1.345
2019-05-28,1.348
2019-05-29,1.348
2019-05-30,1.338
2019-05-31,1.338
2019-06-03,1.322
2019-06-04,1.309
2019-06-05,1.301
2019-06-06,1.29
2019-06-10,1.305
2019-06-11,1.33
2019-06-12,1.321
2019-06-13,1.317
2019-06-14,1.308
2019-06-17,1.301
2019-06-18,1.305
2019-06-19,1.321
2019-06-20,1.356
2019-06-21,1.364
2019-06-24,1.361
2019-06-25,1.347
2019-06-26,1.351
2019-06-27,1.366
2019-06-28,1.363
2019-06-30,1.363
2019-07-01,1.387
2019-07-02,1.387
2019-07-03,1.377
2019-07-04,1.368
2019-07-05,1.369
2019-07-08,1.35
2019-07-09,1.347
2019-07-10,1.344
2019-07-11,1.339
2019-07-12,1.356
2019-07-15,1.361
2019-07-16,1.358
2019-07-17,1.362
2019-07-18,1.36
2019-07-19,1.369
2019-07-22,1.364
2019-07-23,1.371
2019-07-24,1.378
2019-07-25,1.387
2019-07-26,1.396
2019-07-29,1.395
2019-07-30,1.399
2019-07-31,1.394
2019-08-01,1.39
2019-08-02,1.382
2019-08-05,1.365
2019-08-06,1.36
2019-08-07,1.363
2019-08-08,1.373
2019-08-09,1.373
2019-08-12,1.381
2019-08-13,1.374
2019-08-14,1.377
2019-08-15,1.382
2019-08-16,1.386
2019-08-19,1.403
2019-08-20,1.399
2019-08-21,1.418
2019-08-22,1.414
2019-08-23,1.42
2019-08-26,1.405
2019-08-27,1.418
2019-08-28,1.419
2019-08-29,1.416
2019-08-30,1.414
2019-09-02,1.428
2019-09-03,1.429
2019-09-04,1.431
2019-09-05,1.443
2019-09-06,1.446
2019-09-09,1.454
2019-09-10,1.452
2019-09-11,1.444
2019-09-12,1.452
2019-09-16,1.446
2019-09-17,1.425
2019-09-18,1.425
2019-09-19,1.429
2019-09-20,1.433
2019-09-23,1.422
2019-09-24,1.421
2019-09-25,1.412
2019-09-26,1.401
2019-09-27,1.403
2019-09-30,1.395
2019-10-08,1.397
2019-10-09,1.399
2019-10-10,1.411
2019-10-11,1.416
2019-10-14,1.425
2019-10-15,1.414
2019-10-16,1.405
2019-10-17,1.406
2019-10-18,1.396
2019-10-21,1.389
2019-10-22,1.399
2019-10-23,1.392
2019-10-24,1.39
2019-10-25,1.398
2019-10-28,1.41
2019-10-29,1.406
2019-10-30,1.394
2019-10-31,1.389
2019-11-01,1.399
2019-11-04,1.41
2019-11-05,1.421
2019-11-06,1.42
2019-11-07,1.422
2019-11-08,1.417
2019-11-11,1.401
2019-11-12,1.395
2019-11-13,1.39
2019-11-14,1.392
2019-11-15,1.384
2019-11-18,1.392
2019-11-19,1.404
2019-11-20,1.403
2019-11-21,1.4
2019-11-22,1.393
2019-11-25,1.397
2019-11-26,1.399
2019-11-27,1.394
2019-11-28,1.392
2019-11-29,1.393
2019-12-02,1.398
2019-12-03,1.404
2019-12-04,1.4
2019-12-05,1.41
2019-12-06,1.416
2019-12-09,1.415
2019-12-10,1.419
2019-12-11,1.42
2019-12-12,1.421
2019-12-13,1.437
2019-12-16,1.456
2019-12-17,1.468
2019-12-18,1.474
2019-12-19,1.472
2019-12-20,1.467
2019-12-23,1.455
2019-12-24,1.467
2019-12-25,1.47
2019-12-26,1.476
2019-12-27,1.474
2019-12-30,1.487
2019-12-31,1.501
2020-01-02,1.532
2020-01-03,1.537
2020-01-06,1.539
2020-01-07,1.546
2020-01-08,1.544
2020-01-09,1.548
2020-01-10,1.548
2020-01-13,1.555
2020-01-14,1.562
2020-01-15,1.55
2020-01-16,1.546
2020-01-17,1.55
2020-01-20,1.565
2020-01-21,1.557
2020-01-22,1.573
2020-01-23,1.543
2020-02-03,1.46
2020-02-04,1.506
2020-02-05,1.523
2020-02-06,1.55
2020-02-07,1.554
2020-02-10,1.568
2020-02-11,1.572
2020-02-12,1.644
2020-02-13,1.637
2020-02-14,1.634
2020-02-17,1.667
2020-02-18,1.684
2020-02-19,1.673
2020-02-20,1.704
2020-02-21,1.706
2020-02-24,1.708
2020-02-25,1.707
2020-02-26,1.673
2020-02-27,1.679
2020-02-28,1.627
2020-03-02,1.653
2020-03-03,1.662
2020-03-04,1.649
2020-03-05,1.668
2020-03-06,1.66
2020-03-09,1.59
2020-03-10,1.617
2020-03-11,1.607
2020-03-12,1.58
2020-03-13,1.561
2020-03-16,1.505
2020-03-17,1.492
2020-03-18,1.485
2020-03-19,1.483
2020-03-20,1.505
2020-03-23,1.457
2020-03-24,1.466
2020-03-25,1.498
2020-03-26,1.487
2020-03-27,1.484
2020-03-30,1.478
2020-03-31,1.47
2020-04-01,1.468
2020-04-02,1.48
2020-04-03,1.478
2020-04-07,1.503
2020-04-08,1.502
2020-04-09,1.507
2020-04-10,1.492
2020-04-13,1.48
2020-04-14,1.489
2020-04-15,1.483
2020-04-16,1.486
2020-04-17,1.494
2020-04-20,1.494
2020-04-21,1.482
2020-04-22,1.485
2020-04-23,1.483
2020-04-24,1.475
2020-04-27,1.473
2020-04-28,1.474
2020-04-29,1.479
2020-04-30,1.495
2020-05-06,1.502
2020-05-07,1.495
2020-05-08,1.503
2020-05-11,1.5
2020-05-12,1.495
2020-05-13,1.491
2020-05-14,1.476
2020-05-15,1.472
2020-05-18,1.461
2020-05-19,1.461
2020-05-20,1.445
2020-05-21,1.435
2020-05-22,1.417
2020-05-25,1.409
2020-05-26,1.429
2020-05-27,1.422
2020-05-28,1.425
2020-05-29,1.437
2020-06-01,1.468
2020-06-02,1.473
2020-06-03,1.472
2020-06-04,1.468
2020-06-05,1.463
2020-06-08,1.468
2020-06-09,1.474
2020-06-10,1.477
2020-06-11,1.469
2020-06-12,1.473
2020-06-15,1.473
2020-06-16,1.493
2020-06-17,1.494
2020-06-18,1.507
2020-06-19,1.519
2020-06-22,1.523
2020-06-23,1.528
2020-06-24,1.53
2020-06-29,1.519
2020-06-30,1.552
2020-07-01,1.571
2020-07-02,1.61
2020-07-03,1.647
2020-07-06,1.729
2020-07-07,1.744
2020-07-08,1.788
2020-07-09,1.823
2020-07-10,1.801
2020-07-13,1.857
2020-07-14,1.841
2020-07-15,1.807
2020-07-16,1.721
2020-07-17,1.721
2020-07-20,1.761
2020-07-21,1.769
2020-07-22,1.801
2020-07-23,1.814
2020-07-24,1.736
2020-07-27,1.726
2020-07-28,1.748
2020-07-29,1.8
2020-07-30,1.798
2020-07-31,1.829
2020-08-03,1.867
2020-08-04,1.846
2020-08-05,1.871
2020-08-06,1.87
2020-08-07,1.834
2020-08-10,1.831
2020-08-11,1.787
2020-08-12,1.76
2020-08-13,1.758
2020-08-14,1.78
2020-08-17,1.813
2020-08-18,1.825
2020-08-19,1.789
2020-08-20,1.764
2020-08-21,1.776
2020-08-24,1.8
2020-08-25,1.805
2020-08-26,1.767
2020-08-27,1.782
2020-08-28,1.809
2020-08-31,1.811
2020-09-01,1.821
2020-09-02,1.832
2020-09-03,1.821
2020-09-04,1.809
2020-09-07,1.758
2020-09-08,1.751
2020-09-09,1.705
2020-09-10,1.694
2020-09-11,1.72
2020-09-14,1.739
2020-09-15,1.744
2020-09-16,1.729
2020-09-17,1.728
2020-09-18,1.748
2020-09-21,1.744
2020-09-22,1.729
2020-09-23,1.732
2020-09-24,1.7
2020-09-25,1.694
2020-09-28,1.698
2020-09-29,1.723
2020-09-30,1.734
2020-10-09,1.775
2020-10-12,1.808
2020-10-13,1.819
2020-10-14,1.815
2020-10-15,1.81
2020-10-16,1.796
2020-10-19,1.775
2020-10-20,1.789
2020-10-21,1.774
2020-10-22,1.769
2020-10-23,1.742
2020-10-26,1.748
2020-10-27,1.765
2020-10-28,1.775
2020-10-29,1.782
2020-10-30,1.76
2020-11-02,1.772
2020-11-03,1.779
2020-11-04,1.777
2020-11-05,1.802
2020-11-06,1.791
2020-11-09,1.814
2020-11-10,1.807
2020-11-11,1.791
2020-11-12,1.79
2020-11-13,1.778
2020-11-16,1.791
2020-11-17,1.766
2020-11-18,1.758
2020-11-19,1.764
2020-11-20,1.779
2020-11-23,1.798
2020-11-24,1.795
2020-11-25,1.771
2020-11-26,1.761
2020-11-27,1.769
2020-11-30,1.759
2020-12-01,1.79
2020-12-02,1.791
2020-12-03,1.781
2020-12-04,1.782
2020-12-07,1.779
2020-12-08,1.778
2020-12-09,1.765
2020-12-10,1.766
2020-12-11,1.749
2020-12-14,1.755
2020-12-15,1.749
2020-12-16,1.76
2020-12-17,1.781
2020-12-18,1.793
2020-12-21,1.834
2020-12-22,1.814
2020-12-23,1.83
2020-12-24,1.832
2020-12-25,1.847
2020-12-28,1.849
2020-12-29,1.827
2020-12-30,1.85
2020-12-31,1.876
2021-01-04,1.926
2021-01-05,1.963
2021-01-06,1.964
2021-01-07,1.995
2021-01-08,1.982
2021-01-11,1.957
2021-01-12,2.0
2021-01-13,1.996
2021-01-14,1.951
2021-01-15,1.951
2021-01-18,1.969
2021-01-19,1.941
2021-01-20,1.965
2021-01-21,2.011
2021-01-22,2.037
2021-01-25,2.03
2021-01-26,2.002
2021-01-27,2.012
2021-01-28,1.947
2021-01-29,1.905
2021-02-01,1.914
2021-02-02,1.935
2021-02-03,1.917
2021-02-04,1.889
2021-02-05,1.868
2021-02-08,1.902
2021-02-09,1.969
2021-02-10,2.0
2021-02-18,2.039
2021-02-19,2.023
2021-02-22,2.003
2021-02-23,1.985
2021-02-24,1.928
2021-02-25,1.919
2021-02-26,1.881
2021-03-01,1.924
2021-03-02,1.905
2021-03-03,1.936
2021-03-04,1.882
2021-03-05,1.869
2021-03-08,1.815
2021-03-09,1.795
2021-03-10,1.805
2021-03-11,1.849
2021-03-12,1.857
2021-03-15,1.828
2021-03-16,1.827
2021-03-17,1.831
2021-03-18,1.858
2021-03-19,1.82
2021-03-22,1.831
2021-03-23,1.8
2021-03-24,1.746
2021-03-25,1.75
2021-03-26,1.782
2021-03-29,1.793
2021-03-30,1.803
2021-03-31,1.788
2021-04-01,1.802
2021-04-02,1.81
2021-04-06,1.816
2021-04-07,1.81
2021-04-08,1.816
2021-04-09,1.804
2021-04-12,1.771
2021-04-13,1.767
2021-04-14,1.78
2021-04-15,1.779
2021-04-16,1.785
2021-04-19,1.823
2021-04-20,1.822
2021-04-21,1.82
2021-04-22,1.824
2021-04-23,1.826
2021-04-26,1.824
2021-04-27,1.819
2021-04-28,1.824
2021-04-29,1.833
2021-04-30,1.836
2021-05-06,1.849
2021-05-07,1.843
2021-05-10,1.858
2021-05-11,1.841
2021-05-12,1.848
2021-05-13,1.818
2021-05-14,1.833
2021-05-17,1.85
2021-05-18,1.857
2021-05-19,1.855
2021-05-20,1.851
2021-05-21,1.852
2021-05-24,1.856
2021-05-25,1.888
2021-05-26,1.897
2021-05-27,1.906
2021-05-28,1.907
2021-05-31,1.919
2021-06-01,1.925
2021-06-02,1.913
2021-06-03,1.906
2021-06-04,1.907
2021-06-07,1.909
2021-06-08,1.906
2021-06-09,1.914
2021-06-10,1.927
2021-06-11,1.924
2021-06-15,1.911
2021-06-16,1.872
2021-06-17,1.872
2021-06-18,1.871
2021-06-21,1.876
2021-06-22,1.896
2021-06-23,1.921
2021-06-24,1.922
2021-06-25,1.94
2021-06-28,1.952
2021-06-29,1.944
2021-06-30,1.955
2021-07-01,1.933
2021-07-02,1.91
2021-07-05,1.918
2021-07-06,1.926
2021-07-07,1.963
2021-07-08,1.966
2021-07-09,1.985
2021-07-12,2.018
2021-07-13,2.038
2021-07-14,2.03
2021-07-15,2.048
2021-07-16,2.036
2021-07-19,2.03
2021-07-20,2.032
2021-07-21,2.063
2021-07-22,2.084
2021-07-23,2.08
2021-07-26,2.058
2021-07-27,2.0
2021-07-28,1.985
2021-07-29,2.041
2021-07-30,2.04
2021-08-02,2.088
2021-08-03,2.054
2021-08-04,2.101
2021-08-05,2.091
2021-08-06,2.099
2021-08-09,2.085
2021-08-10,2.09
2021-08-11,2.108
2021-08-12,2.113
2021-08-13,2.107
2021-08-16,2.082
2021-08-17,2.034
2021-08-18,2.044
2021-08-19,2.061
2021-08-20,2.063
2021-08-23,2.092
2021-08-24,2.119
2021-08-25,2.126
2021-08-26,2.126
2021-08-27,2.152
2021-08-30,2.177
2021-08-31,2.171
2021-09-01,2.154
2021-09-02,2.201
2021-09-03,2.177
2021-09-06,2.208
2021-09-07,2.25
2021-09-08,2.243
2021-09-09,2.236
2021-09-10,2.242
2021-09-13,2.238
2021-09-14,2.232
2021-09-15,2.245
2021-09-16,2.179
2021-09-17,2.18
2021-09-22,2.2
2021-09-23,2.211
2021-09-24,2.192
2021-09-27,2.151
2021-09-28,2.159
2021-09-29,2.108
2021-09-30,2.145
2021-10-08,2.13
2021-10-11,2.125
2021-10-12,2.08
2021-10-13,2.086
2021-10-14,2.094
2021-10-15,2.115
2021-10-18,2.131
2021-10-19,2.158
2021-10-20,2.149
2021-10-21,2.154
2021-10-22,2.141
2021-10-25,2.161
2021-10-26,2.174
2021-10-27,2.161
2021-10-28,2.128
2021-10-29,2.143
2021-11-01,2.16
2021-11-02,2.147
2021-11-03,2.147
2021-11-04,2.166
2021-11-05,2.146
2021-11-08,2.163
2021-11-09,2.19
2021-11-10,2.187
2021-11-11,2.214
2021-11-12,2.228
2021-11-15,2.226
2021-11-16,2.211
2021-11-17,2.219
2021-11-18,2.218
2021-11-19,2.244
2021-11-22,2.273
2021-11-23,2.269
2021-11-24,2.269
2021-11-25,2.262
2021-11-26,2.263
2021-11-29,2.296
2021-11-30,2.305
2021-12-01,2.317
2021-12-02,2.318
2021-12-03,2.337
2021-12-06,2.322
2021-12-07,2.279
2021-12-08,2.3
2021-12-09,2.31
2021-12-10,2.318
2021-12-13,2.332
2021-12-14,2.322
2021-12-15,2.328
2021-12-16,2.337
2021-12-17,2.32
2021-12-20,2.29
2021-12-21,2.316
2021-12-22,2.331
2021-12-23,2.358
2021-12-24,2.345
2021-12-27,2.321
2021-12-28,2.33
2021-12-29,2.317
2021-12-30,2.33
2021-12-31,2.337
2022-01-04,2.332
2022-01-05,2.293
2022-01-06,2.296
2022-01-07,2.283
2022-01-10,2.291
2022-01-11,2.265
2022-01-12,2.291
2022-01-13,2.267
2022-01-14,2.26
2022-01-17,2.286
2022-01-18,2.295
2022-01-19,2.292
2022-01-20,2.281
2022-01-21,2.265
2022-01-24,2.282
2022-01-25,2.248
2022-01-26,2.258
2022-01-27,2.226
2022-01-28,2.214
2022-02-07,2.237
2022-02-08,2.228
2022-02-09,2.252
2022-02-10,2.254
2022-02-11,2.232
2022-02-14,2.162
2022-02-15,2.141
2022-02-16,2.151
2022-02-17,2.158
2022-02-18,2.176
2022-02-21,2.182
2022-02-22,2.167
2022-02-23,2.201
2022-02-24,2.183
2022-02-25,2.202
2022-02-28,2.212
2022-03-01,2.221
2022-03-02,2.204
2022-03-03,2.175
2022-03-04,2.139
2022-03-07,2.076
2022-03-08,2.025
2022-03-09,2.003
2022-03-10,2.04
2022-03-11,2.037
2022-03-14,2.01
2022-03-15,1.958
2022-03-16,2.009
2022-03-17,2.03
2022-03-18,2.039
2022-03-21,2.042
2022-03-22,2.034
2022-03-23,2.029
2022-03-24,2.005
2022-03-25,1.977
2022-03-28,1.964
2022-03-29,1.965
2022-03-30,2.002
2022-03-31,1.996
2022-04-01,2.017
2022-04-06,2.013
2022-04-07,1.989
2022-04-08,1.994
2022-04-11,1.96
2022-04-12,1.967
2022-04-13,1.958
2022-04-14,1.97
2022-04-15,1.967
2022-04-18,1.969
2022-04-19,1.972
2022-04-20,1.951
2022-04-21,1.924
2022-04-22,1.926
2022-04-25,1.868
2022-04-26,1.861
2022-04-27,1.901
2022-04-28,1.911
2022-04-29,1.948
2022-05-05,1.963
2022-05-06,1.934
2022-05-09,1.926
2022-05-10,1.937
2022-05-11,1.964
2022-05-12,1.96
2022-05-13,1.977
2022-05-16,1.969
2022-05-17,1.99
2022-05-18,1.989
2022-05-19,1.996
2022-05-20,2.017
2022-05-23,2.021
2022-05-24,1.985
2022-05-25,2.001
2022-05-26,2.014
2022-05-27,2.02
2022-05-30,2.019
2022-05-31,2.03
2022-06-01,2.039
2022-06-02,2.048
2022-06-06,2.081
2022-06-07,2.081
2022-06-08,2.094
2022-06-09,2.076
2022-06-10,2.103
2022-06-13,2.099
2022-06-14,2.095
2022-06-15,2.096
2022-06-16,2.099
2022-06-17,2.118
2022-06-20,2.115
2022-06-21,2.108
2022-06-22,2.098
2022-06-23,2.13
2022-06-24,2.142
2022-06-27,2.162
2022-06-28,2.183
2022-06-29,2.151
2022-06-30,2.161
2022-07-01,2.16
2022-07-04,2.176
2022-07-05,2.173
2022-07-06,2.149
2022-07-07,2.166
2022-07-08,2.15
2022-07-11,2.126
2022-07-12,2.108
2022-07-13,2.12
2022-07-14,2.146
2022-07-15,2.137
2022-07-18,2.152
2022-07-19,2.149
2022-07-20,2.158
2022-07-21,2.153
2022-07-22,2.149
2022-07-25,2.133
2022-07-26,2.157
2022-07-27,2.169
2022-07-28,2.181
2022-07-29,2.178
2022-08-01,2.196
2022-08-02,2.181
2022-08-03,2.163
2022-08-04,2.161
2022-08-05,2.167
2022-08-08,2.183
2022-08-09,2.188
2022-08-10,2.177
2022-08-11,2.196
2022-08-12,2.188
2022-08-15,2.204
2022-08-16,2.216
2022-08-17,2.216
2022-08-18,2.202
2022-08-19,2.169
2022-08-22,2.186
2022-08-23,2.187
2022-08-24,2.129
2022-08-25,2.119
2022-08-26,2.11
2022-08-29,2.105
2022-08-30,2.086
2022-08-31,2.036
2022-09-01,2.035
2022-09-02,2.047
2022-09-05,2.061
2022-09-06,2.089
2022-09-07,2.108
2022-09-08,2.085
2022-09-09,2.079
2022-09-13,2.074
2022-09-14,2.056
2022-09-15,2.009
2022-09-16,1.985
2022-09-19,1.975
2022-09-20,2.001
2022-09-21,2.0
2022-09-22,2.001
2022-09-23,1.986
2022-09-26,1.978
2022-09-27,1.991
2022-09-28,1.955
2022-09-29,1.952
2022-09-30,1.935
2022-10-10,1.91
2022-10-11,1.936
2022-10-12,1.977
2022-10-13,1.984
2022-10-14,2.006
2022-10-17,1.992
2022-10-18,1.997
2022-10-19,1.988
2022-10-20,1.96
2022-10-21,1.955
2022-10-24,1.931
2022-10-25,1.94
2022-10-26,1.953
2022-10-27,1.953
2022-10-28,1.914
2022-10-31,1.907
2022-11-01,1.946
2022-11-02,1.965
2022-11-03,1.966
2022-11-04,2.013
2022-11-07,2.003
2022-11-08,1.996
2022-11-09,1.984
2022-11-10,1.955
2022-11-11,1.977
2022-11-14,1.943
2022-11-15,1.964
2022-11-16,1.933
2022-11-17,1.905
2022-11-18,1.887
2022-11-21,1.899
2022-11-22,1.875
2022-11-23,1.883
2022-11-24,1.9
2022-11-25,1.886
2022-11-28,1.877
2022-11-29,1.895
2022-11-30,1.903
2022-12-01,1.932
2022-12-02,1.94
2022-12-05,1.945
2022-12-06,1.944
2022-12-07,1.935
2022-12-08,1.921
2022-12-09,1.925
2022-12-12,1.911
2022-12-13,1.888
2022-12-14,1.881
2022-12-15,1.889
2022-12-16,1.856
2022-12-19,1.836
2022-12-20,1.827
2022-12-21,1.818
2022-12-22,1.798
2022-12-23,1.785
2022-12-26,1.817
2022-12-27,1.844
2022-12-28,1.832
2022-12-29,1.822
2022-12-30,1.828
2022-12-31,1.828
2023-01-03,1.849
2023-01-04,1.846
2023-01-05,1.873
2023-01-06,1.9
2023-01-09,1.912
2023-01-10,1.907
2023-01-11,1.904
2023-01-12,1.912
2023-01-13,1.907
2023-01-16,1.93
2023-01-17,1.942
2023-01-18,1.95
2023-01-19,1.957
2023-01-20,1.975
2023-01-30,1.986
2023-01-31,1.984
2023-02-01,2.007
2023-02-02,2.004
2023-02-03,1.986
2023-02-06,1.958
2023-02-07,1.966
2023-02-08,1.959
2023-02-09,1.981
2023-02-10,1.969
2023-02-13,1.973
2023-02-14,1.974
2023-02-15,1.964
2023-02-16,1.932
2023-02-17,1.903
2023-02-20,1.926
2023-02-21,1.94
2023-02-22,1.936
2023-02-23,1.947
2023-02-24,1.942
2023-02-27,1.925
2023-02-28,1.926
2023-03-01,1.946
2023-03-02,1.927
2023-03-03,1.929
2023-03-06,1.936
2023-03-07,1.908
2023-03-08,1.899
2023-03-09,1.902
2023-03-10,1.88
2023-03-13,1.889
2023-03-14,1.888
2023-03-15,1.89
2023-03-16,1.855
2023-03-17,1.864
2023-03-20,1.861
2023-03-21,1.886
2023-03-22,1.901
2023-03-23,1.911
2023-03-24,1.896
2023-03-27,1.899
2023-03-28,1.883
2023-03-29,1.882
2023-03-30,1.883
2023-03-31,1.901
2023-04-03,1.909
2023-04-04,1.895
2023-04-06,1.896
2023-04-07,1.909
2023-04-10,1.904
2023-04-11,1.895
2023-04-12,1.904
2023-04-13,1.891
2023-04-14,1.906
2023-04-17,1.918
2023-04-18,1.921
2023-04-19,1.904
2023-04-20,1.89
2023-04-21,1.859
2023-04-24,1.838
2023-04-25,1.824
2023-04-26,1.832
2023-04-27,1.848
2023-04-28,1.868
2023-05-04,1.865
2023-05-05,1.839
2023-05-08,1.848
2023-05-09,1.833
2023-05-10,1.823
2023-05-11,1.82
2023-05-12,1.796
2023-05-15,1.816
2023-05-16,1.813
2023-05-17,1.822
2023-05-18,1.829
2023-05-19,1.835
2023-05-22,1.832
2023-05-23,1.821
2023-05-24,1.814
2023-05-25,1.812
2023-05-26,1.828
2023-05-29,1.819
2023-05-30,1.82
2023-05-31,1.819
2023-06-01,1.825
2023-06-02,1.843
2023-06-05,1.841
2023-06-06,1.822
2023-06-07,1.822
2023-06-08,1.823
2023-06-09,1.835
2023-06-12,1.841
2023-06-13,1.835
2023-06-14,1.84
2023-06-15,1.852
2023-06-16,1.868
2023-06-19,1.862
2023-06-20,1.859
2023-06-21,1.835
2023-06-26,1.811
2023-06-27,1.828
2023-06-28,1.821
2023-06-29,1.83
2023-06-30,1.841
2023-07-03,1.848
2023-07-04,1.848
2023-07-05,1.845
2023-07-06,1.841
2023-07-07,1.836
2023-07-10,1.827
2023-07-11,1.829
2023-07-12,1.817
2023-07-13,1.835
2023-07-14,1.836
2023-07-17,1.825
2023-07-18,1.82
2023-07-19,1.819
2023-07-20,1.81
2023-07-21,1.805
2023-07-24,1.795
2023-07-25,1.819
2023-07-26,1.814
2023-07-27,1.804
2023-07-28,1.823
2023-07-31,1.831
2023-08-01,1.817
2023-08-02,1.818
2023-08-03,1.827
2023-08-04,1.842
2023-08-07,1.832
2023-08-08,1.826
2023-08-09,1.818
2023-08-10,1.821
2023-08-11,1.802
2023-08-14,1.8
2023-08-15,1.792
2023-08-16,1.78
2023-08-17,1.791
2023-08-18,1.776
2023-08-21,1.764
2023-08-22,1.767
2023-08-23,1.744
2023-08-24,1.741
2023-08-25,1.724
2023-08-28,1.731
2023-08-29,1.757
2023-08-30,1.758
2023-08-31,1.752
2023-09-01,1.755
2023-09-04,1.772
2023-09-05,1.768
2023-09-06,1.764
2023-09-07,1.734
2023-09-08,1.729
2023-09-11,1.738
2023-09-12,1.738
2023-09-13,1.722
2023-09-14,1.714
2023-09-15,1.713
2023-09-18,1.716
2023-09-19,1.707
2023-09-20,1.703
2023-09-21,1.697
2023-09-22,1.718
2023-09-25,1.711
2023-09-26,1.715
2023-09-27,1.72
2023-09-28,1.73
2023-10-09,1.726
2023-10-10,1.716
2023-10-11,1.713
2023-10-12,1.718
2023-10-13,1.707
2023-10-16,1.692
2023-10-17,1.693
2023-10-18,1.671
2023-10-19,1.65
2023-10-20,1.637
2023-10-23,1.606
2023-10-24,1.644
2023-10-25,1.653
2023-10-26,1.655
2023-10-27,1.676
2023-10-30,1.687
2023-10-31,1.675
2023-11-01,1.667
2023-11-02,1.662
2023-11-03,1.676
2023-11-06,1.699
2023-11-07,1.705
2023-11-08,1.701
2023-11-09,1.698
2023-11-10,1.689
2023-11-13,1.691
2023-11-14,1.702
2023-11-15,1.717
2023-11-16,1.703
2023-11-17,1.698
2023-11-20,1.708
2023-11-21,1.701
2023-11-22,1.681
2023-11-23,1.684
2023-11-24,1.676
2023-11-27,1.678
2023-11-28,1.682
2023-11-29,1.674
2023-11-30,1.676
2023-12-01,1.686
2023-12-04,1.684
2023-12-05,1.672
2023-12-06,1.677
2023-12-07,1.682
2023-12-08,1.688
2023-12-11,1.699
2023-12-12,1.699
2023-12-13,1.681
2023-12-14,1.676
2023-12-15,1.667
2023-12-18,1.662
2023-12-19,1.658
2023-12-20,1.649
2023-12-21,1.656
2023-12-22,1.656
2023-12-25,1.649
2023-12-26,1.632
2023-12-27,1.656
2023-12-28,1.676
2023-12-29,1.695
2023-12-31,1.695
2024-01-02,1.697
2024-01-03,1.685
2024-01-04,1.675
2024-01-05,1.66
2024-01-08,1.632
2024-01-09,1.635
2024-01-10,1.624
2024-01-11,1.637
2024-01-12,1.635
2024-01-15,1.626
2024-01-16,1.616
2024-01-17,1.586
2024-01-18,1.579
2024-01-19,1.565
2024-01-22,1.507
2024-01-23,1.514
2024-01-24,1.519
2024-01-25,1.562
2024-01-26,1.562
2024-01-29,1.536
2024-01-30,1.506
2024-01-31,1.482
2024-02-01,1.488
2024-02-02,1.471
2024-02-05,1.444
2024-02-06,1.501
2024-02-07,1.516
2024-02-08,1.541
2024-02-19,1.554
2024-02-20,1.579
2024-02-21,1.587
2024-02-22,1.597
2024-02-23,1.604
2024-02-26,1.601
2024-02-27,1.622
2024-02-28,1.575
2024-02-29,1.595
2024-03-01,1.601
2024-03-04,1.609
2024-03-05,1.598
2024-03-06,1.604
2024-03-07,1.601
2024-03-08,1.604
2024-03-11,1.617
2024-03-12,1.62
2024-03-13,1.624
2024-03-14,1.622
2024-03-15,1.636
2024-03-18,1.653
2024-03-19,1.655
2024-03-20,1.664
2024-03-21,1.669
2024-03-22,1.657
2024-03-25,1.647
2024-03-26,1.641
2024-03-27,1.619
2024-03-28,1.631
2024-03-29,1.654
2024-04-01,1.67
2024-04-02,1.667
2024-04-03,1.674
2024-04-08,1.662
2024-04-09,1.667
2024-04-10,1.656
2024-04-11,1.662
2024-04-12,1.67
2024-04-15,1.657
2024-04-16,1.632
2024-04-17,1.663
2024-04-18,1.667
2024-04-19,1.659
2024-04-22,1.653
2024-04-23,1.65
2024-04-24,1.667
2024-04-25,1.671
2024-04-26,1.697
2024-04-29,1.703
2024-04-30,1.705
2024-05-06,1.726
2024-05-07,1.728
2024-05-08,1.724
2024-05-09,1.742
2024-05-10,1.74
2024-05-13,1.734
2024-05-14,1.742
2024-05-15,1.721
2024-05-16,1.722
2024-05-17,1.729
2024-05-20,1.747
2024-05-21,1.739
2024-05-22,1.736
2024-05-23,1.717
2024-05-24,1.713
2024-05-27,1.729
2024-05-28,1.717
2024-05-29,1.717
2024-05-30,1.716
2024-05-31,1.72
2024-06-03,1.71
2024-06-04,1.717
2024-06-05,1.704
2024-06-06,1.694
2024-06-07,1.704
2024-06-11,1.709
2024-06-12,1.715
2024-06-13,1.7
2024-06-14,1.703
2024-06-17,1.698
2024-06-18,1.702
2024-06-19,1.692
2024-06-20,1.674
2024-06-21,1.675
2024-06-24,1.638
2024-06-25,1.635
2024-06-26,1.657
2024-06-27,1.649
2024-06-28,1.6584
2024-06-30,1.6583
2024-07-01,1.6759
2024-07-02,1.6651
2024-07-03,1.6464
2024-07-04,1.6283
2024-07-05,1.6428
2024-07-08,1.6212
2024-07-09,1.6374
2024-07-10,1.6262
2024-07-11,1.6421
2024-07-12,1.6292
2024-07-15,1.6222
2024-07-16,1.6186
2024-07-17,1.6007
2024-07-18,1.6034
2024-07-19,1.6076
2024-07-22,1.5908
2024-07-23,1.5495
2024-07-24,1.5285
2024-07-25,1.5299
2024-07-26,1.5645
2024-07-29,1.5586
2024-07-30,1.5484
2024-07-31,1.5899
2024-08-01,1.5872
2024-08-02,1.5755
2024-08-05,1.5441
2024-08-06,1.5484
2024-08-07,1.5561
2024-08-08,1.5483
2024-08-09,1.5414
2024-08-12,1.5333
2024-08-13,1.5353
2024-08-14,1.5249
2024-08-15,1.5179
2024-08-16,1.4875
2024-08-19,1.5037
2024-08-20,1.4779
2024-08-21,1.4712
2024-08-22,1.4653
2024-08-23,1.4632
2024-08-26,1.4762
2024-08-27,1.464
2024-08-28,1.4656
2024-08-29,1.4748
2024-08-30,1.4999
2024-09-02,1.4795
2024-09-03,1.4804
2024-09-04,1.4787
2024-09-05,1.4905
2024-09-06,1.482
2024-09-09,1.4661
2024-09-10,1.4555
2024-09-11,1.4458
2024-09-12,1.4423
2024-09-13,1.434
2024-09-18,1.4334
2024-09-19,1.4471
2024-09-20,1.4428
2024-09-23,1.4443
2024-09-24,1.5021
2024-09-25,1.5184
2024-09-26,1.5606
2024-09-27,1.6003
2024-09-30,1.6872
2024-10-08,1.7576
2024-10-09,1.6344
2024-10-10,1.6359
2024-10-11,1.6012
2024-10-14,1.6381
2024-10-15,1.6151
2024-10-16,1.627
2024-10-17,1.6255
2024-10-18,1.6633
2024-10-21,1.6754
2024-10-22,1.674
2024-10-23,1.672
2024-10-24,1.6448
2024-10-25,1.6515
2024-10-28,1.6637
2024-10-29,1.6413
2024-10-30,1.6305
2024-10-31,1.6331
2024-11-01,1.6263
2024-11-04,1.647
2024-11-05,1.6806
2024-11-06,1.6785
2024-11-07,1.7079
2024-11-08,1.699
2024-11-11,1.7275
2024-11-12,1.7105
2024-11-13,1.7203
2024-11-14,1.6935
2024-11-15,1.6709
2024-11-18,1.6517
2024-11-19,1.6784
2024-11-20,1.6979
2024-11-21,1.6953
2024-11-22,1.6604
2024-11-25,1.6628
2024-11-26,1.6594
2024-11-27,1.685
2024-11-28,1.6829
2024-11-29,1.702
2024-12-02,1.7194
2024-12-03,1.7233
2024-12-04,1.7075
2024-12-05,1.7277
2024-12-06,1.7537
2024-12-09,1.7543
2024-12-10,1.7645
2024-12-11,1.778
2024-12-12,1.7963
2024-12-13,1.7726
2024-12-16,1.7552
2024-12-17,1.7396
2024-12-18,1.7488
2024-12-19,1.7505
2024-12-20,1.7641
2024-12-23,1.7468
2024-12-24,1.7525
2024-12-25,1.7429
2024-12-26,1.7511
2024-12-27,1.7603
2024-12-30,1.7538
2024-12-31,1.7268
2025-01-02,1.7013
2025-01-03,1.6826
2025-01-06,1.6775
2025-01-07,1.7004
2025-01-08,1.7017
2025-01-09,1.7094
2025-01-10,1.693
2025-01-13,1.6905
2025-01-14,1.7368
2025-01-15,1.7317
2025-01-16,1.7283
2025-01-17,1.745
2025-01-20,1.7549
2025-01-21,1.7626
2025-01-22,1.7565
2025-01-23,1.7544
2025-01-24,1.7745
2025-01-27,1.7595
2025-02-05,1.7704
2025-02-06,1.8075
2025-02-07,1.8221
2025-02-10,1.8251
2025-02-11,1.8168
2025-02-12,1.8382
2025-02-13,1.8213
2025-02-14,1.8289
2025-02-17,1.8253
2025-02-18,1.8029
2025-02-19,1.8459
2025-02-20,1.861
2025-02-21,1.8908
2025-02-24,1.8877
2025-02-25,1.8941
2025-02-26,1.9196
2025-02-27,1.9104
2025-02-28,1.8534
2025-03-03,1.8461
2025-03-04,1.8652
2025-03-05,1.8868
2025-03-06,1.9299
2025-03-07,1.9437
2025-03-10,1.946
2025-03-11,1.934
2025-03-12,1.9461
2025-03-13,1.9057
2025-03-14,1.9375
2025-03-17,1.9484
2025-03-18,1.9617
2025-03-19,1.9517
2025-03-20,1.946
2025-03-21,1.9042
2025-03-24,1.8856
2025-03-25,1.881
2025-03-26,1.8943
2025-03-27,1.8942
2025-03-28,1.8775
2025-03-31,1.8655
2025-04-01,1.8796
2025-04-02,1.8928
2025-04-03,1.8581
2025-04-07,1.7085
2025-04-08,1.7232
2025-04-09,1.7606
2025-04-10,1.7964
2025-04-11,1.7999
2025-04-14,1.8138
2025-04-15,1.8007
2025-04-16,1.7797
2025-04-17,1.7812
2025-04-18,1.7825
2025-04-21,1.8126
2025-04-22,1.8099
2025-04-23,1.8412
2025-04-24,1.8164
2025-04-25,1.8249
2025-04-28,1.8118
2025-04-29,1.8269
2025-04-30,1.8488
2025-05-06,1.8841
2025-05-07,1.8776
2025-05-08,1.8971
2025-05-09,1.8746
2025-05-12,1.8991
2025-05-13,1.8984
2025-05-14,1.8946
2025-05-15,1.8782
2025-05-16,1.8886
2025-05-19,1.8867
2025-05-20,1.8968
2025-05-21,1.8924
2025-05-22,1.879
2025-05-23,1.8689
2025-05-26,1.8588
2025-05-27,1.8469
2025-05-28,1.8488
2025-05-29,1.8762
2025-05-30,1.865
2025-06-03,1.8636
2025-06-04,1.8781
2025-06-05,1.8962
2025-06-06,1.8933
2025-06-09,1.904
2025-06-10,1.8875
2025-06-11,1.8998
2025-06-12,1.8942
2025-06-13,1.8726
2025-06-16,1.881
2025-06-17,1.8767
2025-06-18,1.8811
2025-06-19,1.864
2025-06-20,1.8522
2025-06-23,1.8582
2025-06-24,1.8862
2025-06-25,1.9256
2025-06-26,1.9185
2025-06-27,1.9203
2025-06-30,1.9396
2025-07-01,1.946
2025-07-02,1.9292
2025-07-03,1.9438
2025-07-04,1.9373
2025-07-07,1.9285
2025-07-08,1.947
2025-07-09,1.9322
2025-07-10,1.9348
2025-07-11,1.9434
2025-07-14,1.9397
2025-07-15,1.9337
2025-07-16,1.9463
2025-07-17,1.9743
2025-07-18,1.9767
2025-07-21,2.0025
2025-07-22,2.0224
2025-07-23,2.012
2025-07-24,2.0276
2025-07-25,2.029
2025-07-28,2.0218
2025-07-29,2.032
2025-07-30,2.0245
2025-07-31,1.9994
2025-08-01,2.0015
2025-08-04,2.0387
2025-08-05,2.0553
2025-08-06,2.0822
2025-08-07,2.0842
2025-08-08,2.0848
2025-08-11,2.1006
2025-08-12,2.0894
2025-08-13,2.1196
2025-08-14,2.1012
2025-08-15,2.1404
2025-08-18,2.1691
2025-08-19,2.1781
2025-08-20,2.1837
2025-08-21,2.195
2025-08-22,2.2289
2025-08-25,2.2549
2025-08-26,2.2532
2025-08-27,2.1774
2025-08-28,2.1835
2025-08-29,2.1673
2025-09-01,2.1653
2025-09-02,2.124
2025-09-03,2.1163
2025-09-04,2.0832
2025-09-05,2.1582
2025-09-08,2.1779
2025-09-09,2.15
2025-09-10,2.1268
2025-09-11,2.1762
2025-09-12,2.1793
2025-09-15,2.1584
2025-09-16,2.1703
2025-09-17,2.2085
2025-09-18,2.1874
2025-09-19,2.1764
2025-09-22,2.1761
2025-09-23,2.1609
2025-09-24,2.203
2025-09-25,2.2173
2025-09-26,2.2104
2025-09-29,2.2381
2025-09-30,2.2633
2025-10-09,2.2795
2025-10-10,2.2552
2025-10-13,2.239
2025-10-14,2.2037
2025-10-15,2.2338
2025-10-16,2.1859
2025-10-17,2.1445
2025-10-20,2.1469
2025-10-21,2.1842
2025-10-22,2.1653
2025-10-23,2.1577
2025-10-24,2.1984
2025-10-27,2.2247
2025-10-28,2.2237
2025-10-29,2.2547
2025-10-30,2.2317
2025-10-31,2.2403
2025-11-03,2.2379
2025-11-04,2.2032
2025-11-05,2.2176
2025-11-06,2.2533
2025-11-07,2.2381
2025-11-10,2.2398
2025-11-11,2.2308
2025-11-12,2.2227
2025-11-13,2.2589
2025-11-14,2.228
2025-11-17,2.221
2025-11-18,2.2054
2025-11-19,2.21
2025-11-20,2.2008
2025-11-21,2.1645
2025-11-24,2.1883
2025-11-25,2.2127
2025-11-26,2.1868
2025-11-27,2.1699
2025-11-28,2.1865
2025-12-01,2.1924
2025-12-02,2.1718
2025-12-03,2.167
2025-12-04,2.1708
2025-12-05,2.212
2025-12-08,2.2283
2025-12-09,2.2087
2025-12-10,2.2262
2025-12-11,2.2114
2025-12-12,2.2391
2025-12-15,2.2374
2025-12-16,2.2083
2025-12-17,2.2461
2025-12-18,2.2466
2025-12-19,2.2554
2025-12-22,2.2796
2025-12-23,2.2724
2025-12-24,2.3051
2025-12-25,2.3321
2025-12-26,2.327
2025-12-29,2.3206
2025-12-30,2.328
2025-12-31,2.3336
2026-01-05,2.3783
2026-01-06,2.4202
2026-01-07,2.4437
2026-01-08,2.4726
2026-01-09,2.5096
2026-01-12,2.5567
2026-01-13,2.5209
2026-01-14,2.5315
2026-01-15,2.5332
2026-01-16,2.5641
2026-01-19,2.5775
2026-01-20,2.5386
2026-01-21,2.5857
2026-01-22,2.6152
2026-01-23,2.6571
2026-01-26,2.6197
2026-01-27,2.6281
2026-01-28,2.6474
2026-01-29,2.6178
2026-01-30,2.5614
2026-02-02,2.4685
2026-02-03,2.5575
2026-02-04,2.5416
2026-02-05,2.5134
2026-02-06,2.5416
2026-02-09,2.59
2026-02-10,2.5971
2026-02-11,2.5968
2026-02-12,2.6173
2026-02-13,2.597
2026-02-24,2.6208
2026-02-25,2.6268
2026-02-26,2.5947
2026-02-27,2.587
2026-03-02,2.5776
2026-03-03,2.5013
2026-03-04,2.4892
2026-03-05,2.4783
2026-03-06,2.4912
2026-03-09,2.466
2026-03-10,2.5206
2026-03-11,2.5241
2026-03-12,2.4893
2026-03-13,2.4474
2026-03-16,2.4429
2026-03-17,2.3748
2026-03-18,2.4196
2026-03-19,2.3546
2026-03-20,2.3271
2026-03-23,2.28
2026-03-24,2.3508
2026-03-25,2.3843
2026-03-26,2.3335
2026-03-27,2.3572
2026-03-30,2.3409
2026-03-31,2.2948
2026-04-01,2.3665
2026-04-02,2.3212
2026-04-03,2.3259
2026-04-07,2.3351
2026-04-08,2.4432
2026-04-09,2.4469
2026-04-10,2.4456
2026-04-13,2.438
2026-04-14,2.4708
2026-04-15,2.4735
2026-04-16,2.5341
2026-04-17,2.5511
2026-04-20,2.5583
2026-04-21,2.5593
2026-04-22,2.5833
2026-04-23,2.5626
2026-04-24,2.5431
2026-04-27,2.5459
2026-04-28,2.5209
2026-04-29,2.5519
2026-04-30,2.5551
2026-05-06,2.6075
2026-05-07,2.6353
2026-05-08,2.6343
2026-05-11,2.6436
2026-05-12,2.5983
2026-05-13,2.6142
2026-05-14,2.5596
2026-05-15,2.5339
2026-05-18,2.5432
2026-05-19,2.6024
2026-05-20,2.5983
2026-05-21,2.5388
2026-05-22,2.5701
2026-05-25,2.5805
2026-05-26,2.5603
2026-05-27,2.5151
2026-05-28,2.5389
2026-05-29,2.4576
2026-06-01,2.4715
2026-06-02,2.4955
2026-06-03,2.472
2026-06-04,2.4558
2026-06-05,2.4398
2026-06-08,2.3881
2026-06-09,2.4517
2026-06-10,2.4065
2026-06-11,2.4234
2026-06-12,2.451
2026-06-15,2.5287
2026-06-16,2.561
2026-06-17,2.5667
2026-06-18,2.5744
2026-06-22,2.579
2026-06-23,2.5422
2026-06-24,2.5745
2026-06-25,2.5471
2026-06-26,2.4982
2026-06-29,2.4955
2026-06-30,2.5586
2026-07-01,2.5653
2026-07-02,2.5423
2026-07-03,2.5648
